package,name,composable,skippable,restartable,readonly,inline,isLambda,hasDefaults,defaultsGroup,groups,calls,
example.imageviewer.ImageViewerCommon,ImageViewerCommon,1,1,1,0,0,0,1,0,2,1,
example.imageviewer.style.ImageViewerTheme,ImageViewerTheme,1,1,1,0,0,0,0,0,1,3,
example.imageviewer.view.CameraScreen,CameraScreen,1,1,1,0,0,0,0,0,1,1,
example.imageviewer.view.CircularButton,CircularButton,1,1,1,0,0,0,0,0,1,1,
example.imageviewer.view.FullscreenImage,FullscreenImage,1,1,1,0,0,0,0,0,1,3,
example.imageviewer.view.FullscreenImageBar,FullscreenImageBar,1,1,1,0,0,0,0,0,1,1,
example.imageviewer.view.FilterButtons,FilterButtons,1,1,1,0,0,0,0,0,1,1,
example.imageviewer.view.FilterButton,FilterButton,1,1,1,0,0,0,0,0,1,2,
example.imageviewer.view.getFilterImage,getFilterImage,1,0,0,0,0,0,0,0,11,6,
example.imageviewer.view.GalleryScreen,GalleryScreen,1,1,1,0,0,0,0,0,1,4,
example.imageviewer.view.SquaresGalleryView,SquaresGalleryView,1,1,1,0,0,0,0,0,1,1,
example.imageviewer.view.MakeNewMemoryMiniature,MakeNewMemoryMiniature,1,1,1,0,0,0,0,0,1,1,
example.imageviewer.view.SquareMiniature,SquareMiniature,1,1,1,0,0,0,0,0,1,1,
example.imageviewer.view.SquareThumbnail,SquareThumbnail,1,1,1,0,0,0,0,0,1,1,
example.imageviewer.view.ListGalleryView,ListGalleryView,1,1,1,0,0,0,0,0,1,1,
example.imageviewer.view.LoadingScreen,LoadingScreen,1,1,1,0,0,0,0,0,1,2,
example.imageviewer.view.MemoryScreen,MemoryScreen,1,1,1,0,0,0,0,0,1,3,
example.imageviewer.view.MemoryHeader,MemoryHeader,1,1,1,0,0,0,0,0,1,1,
example.imageviewer.view.MagicButtonOverlay,MagicButtonOverlay,1,1,1,0,0,0,0,0,1,1,
example.imageviewer.view.MemoryTextOverlay,MemoryTextOverlay,1,1,1,0,0,0,0,0,1,2,
example.imageviewer.view.Collapsible,Collapsible,1,1,1,0,0,0,0,0,1,1,
example.imageviewer.view.Headliner,Headliner,1,1,1,0,0,0,0,0,1,1,
example.imageviewer.view.RelatedMemoriesVisualizer,RelatedMemoriesVisualizer,1,1,1,0,0,0,0,0,1,1,
example.imageviewer.view.RelatedMemory,RelatedMemory,1,1,1,0,0,0,0,0,1,1,
example.imageviewer.view.Miniature,Miniature,1,1,1,0,0,0,0,0,1,4,
example.imageviewer.view.PreviewImage,PreviewImage,1,1,1,0,0,0,0,0,1,2,
example.imageviewer.view.TouchScrollableColumn,TouchScrollableColumn,1,1,1,0,0,0,0,0,1,2,
example.imageviewer.view.Thumbnail,Thumbnail,1,1,1,0,0,0,0,0,1,3,
example.imageviewer.view.ThumbnailImage,ThumbnailImage,1,1,1,0,0,0,0,0,1,2,
example.imageviewer.view.Toast,Toast,1,1,1,0,0,0,0,0,1,1,
example.imageviewer.view.TopLayout,TopLayout,1,1,1,0,0,0,0,0,1,1,
example.imageviewer.ImageViewerIos,ImageViewerIos,1,1,1,0,0,0,0,0,1,2,
example.imageviewer.IosOnlyShared,IosOnlyShared,1,1,1,0,0,0,0,0,1,0,
example.imageviewer.view.LocationVisualizer,LocationVisualizer,1,1,1,0,0,0,0,0,1,0,
example.imageviewer.view.ScrollableColumn,ScrollableColumn,1,1,1,0,0,0,0,0,1,1,
example.imageviewer.view.Tooltip,Tooltip,1,1,1,0,0,0,0,0,1,1,
